ALTER TABLE TIENDAS.C_ESTADOS_REGISTROS
 DROP PRIMARY KEY CASCADE;

DROP TABLE TIENDAS.C_ESTADOS_REGISTROS CASCADE CONSTRAINTS;

CREATE TABLE TIENDAS.C_ESTADOS_REGISTROS
(
  CES_PK_ESTADO    NUMBER(10),
  CES_NOMBRE       VARCHAR2(400 BYTE),
  CES_DESCRIPCION  VARCHAR2(400 BYTE)
)
TABLESPACE MYTABLESPACE
RESULT_CACHE (MODE DEFAULT)
PCTUSED    0
PCTFREE    10
INITRANS   1
MAXTRANS   255
STORAGE    (
            INITIAL          64K
            NEXT             1M
            MAXSIZE          UNLIMITED
            MINEXTENTS       1
            MAXEXTENTS       UNLIMITED
            PCTINCREASE      0
            BUFFER_POOL      DEFAULT
            FLASH_CACHE      DEFAULT
            CELL_FLASH_CACHE DEFAULT
           )
LOGGING 
NOCOMPRESS 
NOCACHE
NOPARALLEL
MONITORING;


ALTER TABLE TIENDAS.C_TIENDAS
 DROP PRIMARY KEY CASCADE;

DROP TABLE TIENDAS.C_TIENDAS CASCADE CONSTRAINTS;

CREATE TABLE TIENDAS.C_TIENDAS
(
  CTI_PK_TIENDA    NUMBER(10)                   NOT NULL,
  CTI_NOMBRE       VARCHAR2(200 BYTE),
  CTI_DESCRIPCION  VARCHAR2(4000 BYTE),
  CTI_FK_ESTADO    NUMBER(10),
  CTI_FECHA_AUDIT  DATE                         DEFAULT sysdate
)
TABLESPACE MYTABLESPACE
RESULT_CACHE (MODE DEFAULT)
PCTUSED    0
PCTFREE    10
INITRANS   1
MAXTRANS   255
STORAGE    (
            INITIAL          64K
            NEXT             1M
            MAXSIZE          UNLIMITED
            MINEXTENTS       1
            MAXEXTENTS       UNLIMITED
            PCTINCREASE      0
            BUFFER_POOL      DEFAULT
            FLASH_CACHE      DEFAULT
            CELL_FLASH_CACHE DEFAULT
           )
LOGGING 
NOCOMPRESS 
NOCACHE
NOPARALLEL
MONITORING;


ALTER TABLE TIENDAS.C_TIPOS_USUARIO
 DROP PRIMARY KEY CASCADE;

DROP TABLE TIENDAS.C_TIPOS_USUARIO CASCADE CONSTRAINTS;

CREATE TABLE TIENDAS.C_TIPOS_USUARIO
(
  CTU_PK_TIPO_USUARIO  NUMBER(10),
  CTU_NOMBRE           VARCHAR2(400 BYTE),
  CTU_DESCRIPCION      VARCHAR2(400 BYTE),
  CTU_FK_ESTADO        NUMBER(10)
)
TABLESPACE MYTABLESPACE
RESULT_CACHE (MODE DEFAULT)
PCTUSED    0
PCTFREE    10
INITRANS   1
MAXTRANS   255
STORAGE    (
            INITIAL          64K
            NEXT             1M
            MAXSIZE          UNLIMITED
            MINEXTENTS       1
            MAXEXTENTS       UNLIMITED
            PCTINCREASE      0
            BUFFER_POOL      DEFAULT
            FLASH_CACHE      DEFAULT
            CELL_FLASH_CACHE DEFAULT
           )
LOGGING 
NOCOMPRESS 
NOCACHE
NOPARALLEL
MONITORING;


ALTER TABLE TIENDAS.T_PRODUCTOS
 DROP PRIMARY KEY CASCADE;

DROP TABLE TIENDAS.T_PRODUCTOS CASCADE CONSTRAINTS;

CREATE TABLE TIENDAS.T_PRODUCTOS
(
  TPR_PK_PRODUCTO     NUMBER,
  TPR_NOMBRE          VARCHAR2(400 BYTE),
  TPR_DESCRIPCION     VARCHAR2(4000 BYTE),
  TPR_PRECIO          NUMBER(10,5),
  TPR_IMAGEN          VARCHAR2(4000 BYTE),
  TPR_FK_ESTADO       NUMBER(10),
  TPR_FECHA_REGISTRO  DATE                      DEFAULT sysdate
)
TABLESPACE MYTABLESPACE
RESULT_CACHE (MODE DEFAULT)
PCTUSED    0
PCTFREE    10
INITRANS   1
MAXTRANS   255
STORAGE    (
            INITIAL          64K
            NEXT             1M
            MAXSIZE          UNLIMITED
            MINEXTENTS       1
            MAXEXTENTS       UNLIMITED
            PCTINCREASE      0
            BUFFER_POOL      DEFAULT
            FLASH_CACHE      DEFAULT
            CELL_FLASH_CACHE DEFAULT
           )
LOGGING 
NOCOMPRESS 
NOCACHE
NOPARALLEL
MONITORING;


ALTER TABLE TIENDAS.T_TIENDAS
 DROP PRIMARY KEY CASCADE;

DROP TABLE TIENDAS.T_TIENDAS CASCADE CONSTRAINTS;

CREATE TABLE TIENDAS.T_TIENDAS
(
  TTI_PK_TIENDA      NUMBER(10),
  TTI_NOMBRE_TIENDA  VARCHAR2(400 BYTE),
  TTI_DESCRIPCION    VARCHAR2(400 BYTE),
  TTI_UBICACION      VARCHAR2(4000 BYTE),
  TTI_IMAGEN         VARCHAR2(4000 BYTE),
  TTI_FK_ESTADO      NUMBER(10)
)
TABLESPACE MYTABLESPACE
RESULT_CACHE (MODE DEFAULT)
PCTUSED    0
PCTFREE    10
INITRANS   1
MAXTRANS   255
STORAGE    (
            INITIAL          64K
            NEXT             1M
            MAXSIZE          UNLIMITED
            MINEXTENTS       1
            MAXEXTENTS       UNLIMITED
            PCTINCREASE      0
            BUFFER_POOL      DEFAULT
            FLASH_CACHE      DEFAULT
            CELL_FLASH_CACHE DEFAULT
           )
LOGGING 
NOCOMPRESS 
NOCACHE
NOPARALLEL
MONITORING;


ALTER TABLE TIENDAS.T_USUARIOS
 DROP PRIMARY KEY CASCADE;

DROP TABLE TIENDAS.T_USUARIOS CASCADE CONSTRAINTS;

CREATE TABLE TIENDAS.T_USUARIOS
(
  TUS_PK_USUARIO       NUMBER(10),
  TUS_NOMBRE           VARCHAR2(400 BYTE),
  TUS_APELLIDOS        VARCHAR2(400 BYTE),
  TUS_USERNAME         VARCHAR2(400 BYTE),
  TUS_PASSWORD         VARCHAR2(400 BYTE),
  TUS_EMAIL            VARCHAR2(400 BYTE),
  TUS_FK_ESTADO        NUMBER(10),
  TUS_FK_TIPO_USUARIO  NUMBER(10)
)
TABLESPACE MYTABLESPACE
RESULT_CACHE (MODE DEFAULT)
PCTUSED    0
PCTFREE    10
INITRANS   1
MAXTRANS   255
STORAGE    (
            INITIAL          64K
            NEXT             1M
            MAXSIZE          UNLIMITED
            MINEXTENTS       1
            MAXEXTENTS       UNLIMITED
            PCTINCREASE      0
            BUFFER_POOL      DEFAULT
            FLASH_CACHE      DEFAULT
            CELL_FLASH_CACHE DEFAULT
           )
LOGGING 
NOCOMPRESS 
NOCACHE
NOPARALLEL
MONITORING;


CREATE UNIQUE INDEX TIENDAS.C_ESTADOS_REGISTROS_PK ON TIENDAS.C_ESTADOS_REGISTROS
(CES_PK_ESTADO)
LOGGING
TABLESPACE MYTABLESPACE
PCTFREE    10
INITRANS   2
MAXTRANS   255
STORAGE    (
            INITIAL          64K
            NEXT             1M
            MAXSIZE          UNLIMITED
            MINEXTENTS       1
            MAXEXTENTS       UNLIMITED
            PCTINCREASE      0
            BUFFER_POOL      DEFAULT
            FLASH_CACHE      DEFAULT
            CELL_FLASH_CACHE DEFAULT
           )
NOPARALLEL;

CREATE UNIQUE INDEX TIENDAS.C_TIENDAS_PK ON TIENDAS.C_TIENDAS
(CTI_PK_TIENDA)
LOGGING
TABLESPACE MYTABLESPACE
PCTFREE    10
INITRANS   2
MAXTRANS   255
STORAGE    (
            INITIAL          64K
            NEXT             1M
            MAXSIZE          UNLIMITED
            MINEXTENTS       1
            MAXEXTENTS       UNLIMITED
            PCTINCREASE      0
            BUFFER_POOL      DEFAULT
            FLASH_CACHE      DEFAULT
            CELL_FLASH_CACHE DEFAULT
           )
NOPARALLEL;

CREATE UNIQUE INDEX TIENDAS.C_TIPOS_USUARIO_PK ON TIENDAS.C_TIPOS_USUARIO
(CTU_PK_TIPO_USUARIO)
LOGGING
TABLESPACE MYTABLESPACE
PCTFREE    10
INITRANS   2
MAXTRANS   255
STORAGE    (
            INITIAL          64K
            NEXT             1M
            MAXSIZE          UNLIMITED
            MINEXTENTS       1
            MAXEXTENTS       UNLIMITED
            PCTINCREASE      0
            BUFFER_POOL      DEFAULT
            FLASH_CACHE      DEFAULT
            CELL_FLASH_CACHE DEFAULT
           )
NOPARALLEL;

CREATE UNIQUE INDEX TIENDAS.T_PRODUCTOS_PK ON TIENDAS.T_PRODUCTOS
(TPR_PK_PRODUCTO)
LOGGING
TABLESPACE MYTABLESPACE
PCTFREE    10
INITRANS   2
MAXTRANS   255
STORAGE    (
            INITIAL          64K
            NEXT             1M
            MAXSIZE          UNLIMITED
            MINEXTENTS       1
            MAXEXTENTS       UNLIMITED
            PCTINCREASE      0
            BUFFER_POOL      DEFAULT
            FLASH_CACHE      DEFAULT
            CELL_FLASH_CACHE DEFAULT
           )
NOPARALLEL;

CREATE UNIQUE INDEX TIENDAS.T_TIENDAS_PK ON TIENDAS.T_TIENDAS
(TTI_PK_TIENDA)
LOGGING
TABLESPACE MYTABLESPACE
PCTFREE    10
INITRANS   2
MAXTRANS   255
STORAGE    (
            INITIAL          64K
            NEXT             1M
            MAXSIZE          UNLIMITED
            MINEXTENTS       1
            MAXEXTENTS       UNLIMITED
            PCTINCREASE      0
            BUFFER_POOL      DEFAULT
            FLASH_CACHE      DEFAULT
            CELL_FLASH_CACHE DEFAULT
           )
NOPARALLEL;

CREATE UNIQUE INDEX TIENDAS.T_USUARIOS_PK ON TIENDAS.T_USUARIOS
(TUS_PK_USUARIO)
LOGGING
TABLESPACE MYTABLESPACE
PCTFREE    10
INITRANS   2
MAXTRANS   255
STORAGE    (
            INITIAL          64K
            NEXT             1M
            MAXSIZE          UNLIMITED
            MINEXTENTS       1
            MAXEXTENTS       UNLIMITED
            PCTINCREASE      0
            BUFFER_POOL      DEFAULT
            FLASH_CACHE      DEFAULT
            CELL_FLASH_CACHE DEFAULT
           )
NOPARALLEL;

CREATE OR REPLACE TRIGGER TIENDAS.C_TIENDAS_TRG
BEFORE INSERT
ON TIENDAS.C_TIENDAS
REFERENCING NEW AS New OLD AS Old
FOR EACH ROW
BEGIN
-- For Toad:  Highlight column CTI_PK_TIENDA
  :new.CTI_PK_TIENDA := C_TIENDAS_SEQ.nextval;
END C_TIENDAS_TRG;
/


CREATE OR REPLACE TRIGGER TIENDAS.T_PRODUCTOS_TRG
BEFORE INSERT
ON TIENDAS.T_PRODUCTOS
REFERENCING NEW AS New OLD AS Old
FOR EACH ROW
BEGIN
-- For Toad:  Highlight column TPR_PK_PRODUCTO
  :new.TPR_PK_PRODUCTO := T_PRODUCTOS_SEQ.nextval;
END T_PRODUCTOS_TRG;
/


CREATE OR REPLACE TRIGGER TIENDAS.T_USUARIOS_TRG
BEFORE INSERT
ON TIENDAS.T_USUARIOS
REFERENCING NEW AS New OLD AS Old
FOR EACH ROW
BEGIN
-- For Toad:  Highlight column TUS_PK_USUARIO
  :new.TUS_PK_USUARIO := T_USUARIOS_SEQ.nextval;
END T_USUARIOS_TRG;
/


ALTER TABLE TIENDAS.C_CATEGORIAS
 DROP PRIMARY KEY CASCADE;

DROP TABLE TIENDAS.C_CATEGORIAS CASCADE CONSTRAINTS;

CREATE TABLE TIENDAS.C_CATEGORIAS
(
  CCA_PK_CATEGORIA  NUMBER(10),
  CCA_NOMBRE        VARCHAR2(400 BYTE),
  CCA_DESCRIPCION   VARCHAR2(4000 BYTE),
  CCA_FK_ESTADO     NUMBER(10)
)
TABLESPACE MYTABLESPACE
RESULT_CACHE (MODE DEFAULT)
PCTUSED    0
PCTFREE    10
INITRANS   1
MAXTRANS   255
STORAGE    (
            INITIAL          64K
            NEXT             1M
            MAXSIZE          UNLIMITED
            MINEXTENTS       1
            MAXEXTENTS       UNLIMITED
            PCTINCREASE      0
            BUFFER_POOL      DEFAULT
            FLASH_CACHE      DEFAULT
            CELL_FLASH_CACHE DEFAULT
           )
LOGGING 
NOCOMPRESS 
NOCACHE
NOPARALLEL
MONITORING;


ALTER TABLE TIENDAS.T_CARRITO
 DROP PRIMARY KEY CASCADE;

DROP TABLE TIENDAS.T_CARRITO CASCADE CONSTRAINTS;

CREATE TABLE TIENDAS.T_CARRITO
(
  TCA_PK_CARRITO          NUMBER(10),
  TCA_FK_USUARIO          NUMBER(10),
  TCA_FK_ESTADO_CARRITO   NUMBER(10),
  TCA_FK_ESTADO           NUMBER(10),
  TCA_IMPORTE_PAGADO      NUMBER(10,5),
  TCA_TARJETA_PAGO        VARCHAR2(400 BYTE),
  TCA_FECHA_AUTORIZACION  VARCHAR2(400 BYTE),
  TCA_NUM_REFERENCIA      VARCHAR2(400 BYTE),
  TCA_BANCO               VARCHAR2(400 BYTE),
  TCA_REQUIERE_FACTURA    NUMBER(10),
  TCA_FK_TIENDA           NUMBER(10)
)
TABLESPACE MYTABLESPACE
RESULT_CACHE (MODE DEFAULT)
PCTUSED    0
PCTFREE    10
INITRANS   1
MAXTRANS   255
STORAGE    (
            INITIAL          64K
            NEXT             1M
            MAXSIZE          UNLIMITED
            MINEXTENTS       1
            MAXEXTENTS       UNLIMITED
            PCTINCREASE      0
            BUFFER_POOL      DEFAULT
            FLASH_CACHE      DEFAULT
            CELL_FLASH_CACHE DEFAULT
           )
LOGGING 
NOCOMPRESS 
NOCACHE
NOPARALLEL
MONITORING;


ALTER TABLE TIENDAS.T_CATEGORIAS_PRODUCTOS
 DROP PRIMARY KEY CASCADE;

DROP TABLE TIENDAS.T_CATEGORIAS_PRODUCTOS CASCADE CONSTRAINTS;

CREATE TABLE TIENDAS.T_CATEGORIAS_PRODUCTOS
(
  TCP_PK_CATEGORIA_PRODUCTO  NUMBER(10)         NOT NULL,
  TCP_FK_CATEGORIA           NUMBER(10),
  TCP_FK_PRODUCTO            NUMBER(10),
  TCP_FK_ESTADO              NUMBER(10)
)
TABLESPACE MYTABLESPACE
RESULT_CACHE (MODE DEFAULT)
PCTUSED    0
PCTFREE    10
INITRANS   1
MAXTRANS   255
STORAGE    (
            INITIAL          64K
            NEXT             1M
            MAXSIZE          UNLIMITED
            MINEXTENTS       1
            MAXEXTENTS       UNLIMITED
            PCTINCREASE      0
            BUFFER_POOL      DEFAULT
            FLASH_CACHE      DEFAULT
            CELL_FLASH_CACHE DEFAULT
           )
LOGGING 
NOCOMPRESS 
NOCACHE
NOPARALLEL
MONITORING;


ALTER TABLE TIENDAS.T_DUENOS_TIENDAS
 DROP PRIMARY KEY CASCADE;

DROP TABLE TIENDAS.T_DUENOS_TIENDAS CASCADE CONSTRAINTS;

CREATE TABLE TIENDAS.T_DUENOS_TIENDAS
(
  TDT_PK_DUENO    NUMBER(10),
  TDT_FK_USUARIO  NUMBER(10),
  TDT_FK_TIENDA   NUMBER(10),
  TDT_FK_ESTADO   NUMBER(10)
)
TABLESPACE MYTABLESPACE
RESULT_CACHE (MODE DEFAULT)
PCTUSED    0
PCTFREE    10
INITRANS   1
MAXTRANS   255
STORAGE    (
            INITIAL          64K
            NEXT             1M
            MAXSIZE          UNLIMITED
            MINEXTENTS       1
            MAXEXTENTS       UNLIMITED
            PCTINCREASE      0
            BUFFER_POOL      DEFAULT
            FLASH_CACHE      DEFAULT
            CELL_FLASH_CACHE DEFAULT
           )
LOGGING 
NOCOMPRESS 
NOCACHE
NOPARALLEL
MONITORING;


ALTER TABLE TIENDAS.T_ELEMENTO_CARRITO
 DROP PRIMARY KEY CASCADE;

DROP TABLE TIENDAS.T_ELEMENTO_CARRITO CASCADE CONSTRAINTS;

CREATE TABLE TIENDAS.T_ELEMENTO_CARRITO
(
  TEC_PK_ELEMENTO_CARRITO  NUMBER(10),
  TEC_FK_CARRITO           NUMBER(10),
  TEC_FK_PRODUCTO          NUMBER(10),
  TEC_CANTIDAD             NUMBER(10),
  TEC_FK_ESTADO            NUMBER(10,5)
)
TABLESPACE MYTABLESPACE
RESULT_CACHE (MODE DEFAULT)
PCTUSED    0
PCTFREE    10
INITRANS   1
MAXTRANS   255
STORAGE    (
            INITIAL          64K
            NEXT             1M
            MAXSIZE          UNLIMITED
            MINEXTENTS       1
            MAXEXTENTS       UNLIMITED
            PCTINCREASE      0
            BUFFER_POOL      DEFAULT
            FLASH_CACHE      DEFAULT
            CELL_FLASH_CACHE DEFAULT
           )
LOGGING 
NOCOMPRESS 
NOCACHE
NOPARALLEL
MONITORING;


ALTER TABLE TIENDAS.T_INVENTARIOS
 DROP PRIMARY KEY CASCADE;

DROP TABLE TIENDAS.T_INVENTARIOS CASCADE CONSTRAINTS;

CREATE TABLE TIENDAS.T_INVENTARIOS
(
  TIN_PK_REGINVENTARIO  NUMBER(10),
  TIN_FK_TIENDA         NUMBER(10),
  TIN_FK_PRODUCTO       NUMBER(10),
  TIN_CANTIDAD          NUMBER(10),
  TIN_DESCRIPCION       VARCHAR2(4000 BYTE),
  FK_ESTADO             NUMBER(10)
)
TABLESPACE MYTABLESPACE
RESULT_CACHE (MODE DEFAULT)
PCTUSED    0
PCTFREE    10
INITRANS   1
MAXTRANS   255
STORAGE    (
            INITIAL          64K
            NEXT             1M
            MAXSIZE          UNLIMITED
            MINEXTENTS       1
            MAXEXTENTS       UNLIMITED
            PCTINCREASE      0
            BUFFER_POOL      DEFAULT
            FLASH_CACHE      DEFAULT
            CELL_FLASH_CACHE DEFAULT
           )
LOGGING 
NOCOMPRESS 
NOCACHE
NOPARALLEL
MONITORING;


ALTER TABLE TIENDAS.T_PAGO
 DROP PRIMARY KEY CASCADE;

DROP TABLE TIENDAS.T_PAGO CASCADE CONSTRAINTS;

CREATE TABLE TIENDAS.T_PAGO
(
  TPA_PK_PAGO             NUMBER(10),
  TPA_FK_USUARIO          NUMBER(10),
  TPA_FK_CARRITO          NUMBER(10),
  TPA_FK_ESTADO_PAGO      NUMBER(10),
  TPA_IMPORTE_PAGADO      NUMBER(10,5),
  TPA_TARJETA_PAGO        VARCHAR2(400 BYTE),
  TPA_FECHA_AUTORIZACION  DATE,
  TPA_NUM_REFERENCIA      VARCHAR2(400 BYTE),
  TPA_BANCO               VARCHAR2(400 BYTE),
  TPA_REQUIERE_FACTURA    NUMBER(1)
)
TABLESPACE MYTABLESPACE
RESULT_CACHE (MODE DEFAULT)
PCTUSED    0
PCTFREE    10
INITRANS   1
MAXTRANS   255
STORAGE    (
            INITIAL          64K
            NEXT             1M
            MAXSIZE          UNLIMITED
            MINEXTENTS       1
            MAXEXTENTS       UNLIMITED
            PCTINCREASE      0
            BUFFER_POOL      DEFAULT
            FLASH_CACHE      DEFAULT
            CELL_FLASH_CACHE DEFAULT
           )
LOGGING 
NOCOMPRESS 
NOCACHE
NOPARALLEL
MONITORING;


CREATE UNIQUE INDEX TIENDAS.C_CATEGORIAS_PK ON TIENDAS.C_CATEGORIAS
(CCA_PK_CATEGORIA)
LOGGING
TABLESPACE MYTABLESPACE
PCTFREE    10
INITRANS   2
MAXTRANS   255
STORAGE    (
            INITIAL          64K
            NEXT             1M
            MAXSIZE          UNLIMITED
            MINEXTENTS       1
            MAXEXTENTS       UNLIMITED
            PCTINCREASE      0
            BUFFER_POOL      DEFAULT
            FLASH_CACHE      DEFAULT
            CELL_FLASH_CACHE DEFAULT
           )
NOPARALLEL;

CREATE UNIQUE INDEX TIENDAS.T_CARRITO_PK ON TIENDAS.T_CARRITO
(TCA_PK_CARRITO)
LOGGING
TABLESPACE MYTABLESPACE
PCTFREE    10
INITRANS   2
MAXTRANS   255
STORAGE    (
            INITIAL          64K
            NEXT             1M
            MAXSIZE          UNLIMITED
            MINEXTENTS       1
            MAXEXTENTS       UNLIMITED
            PCTINCREASE      0
            BUFFER_POOL      DEFAULT
            FLASH_CACHE      DEFAULT
            CELL_FLASH_CACHE DEFAULT
           )
NOPARALLEL;

CREATE UNIQUE INDEX TIENDAS.T_CATEGORIAS_PRODUCTOS_PK ON TIENDAS.T_CATEGORIAS_PRODUCTOS
(TCP_PK_CATEGORIA_PRODUCTO)
LOGGING
TABLESPACE MYTABLESPACE
PCTFREE    10
INITRANS   2
MAXTRANS   255
STORAGE    (
            INITIAL          64K
            NEXT             1M
            MAXSIZE          UNLIMITED
            MINEXTENTS       1
            MAXEXTENTS       UNLIMITED
            PCTINCREASE      0
            BUFFER_POOL      DEFAULT
            FLASH_CACHE      DEFAULT
            CELL_FLASH_CACHE DEFAULT
           )
NOPARALLEL;

CREATE UNIQUE INDEX TIENDAS.T_DUENOS_TIENDAS_PK ON TIENDAS.T_DUENOS_TIENDAS
(TDT_PK_DUENO)
LOGGING
TABLESPACE MYTABLESPACE
PCTFREE    10
INITRANS   2
MAXTRANS   255
STORAGE    (
            INITIAL          64K
            NEXT             1M
            MAXSIZE          UNLIMITED
            MINEXTENTS       1
            MAXEXTENTS       UNLIMITED
            PCTINCREASE      0
            BUFFER_POOL      DEFAULT
            FLASH_CACHE      DEFAULT
            CELL_FLASH_CACHE DEFAULT
           )
NOPARALLEL;

CREATE UNIQUE INDEX TIENDAS.T_ELEMENTO_CARRITO_PK ON TIENDAS.T_ELEMENTO_CARRITO
(TEC_PK_ELEMENTO_CARRITO)
LOGGING
TABLESPACE MYTABLESPACE
PCTFREE    10
INITRANS   2
MAXTRANS   255
STORAGE    (
            INITIAL          64K
            NEXT             1M
            MAXSIZE          UNLIMITED
            MINEXTENTS       1
            MAXEXTENTS       UNLIMITED
            PCTINCREASE      0
            BUFFER_POOL      DEFAULT
            FLASH_CACHE      DEFAULT
            CELL_FLASH_CACHE DEFAULT
           )
NOPARALLEL;

CREATE UNIQUE INDEX TIENDAS.T_INVENTARIOS_PK ON TIENDAS.T_INVENTARIOS
(TIN_PK_REGINVENTARIO)
LOGGING
TABLESPACE MYTABLESPACE
PCTFREE    10
INITRANS   2
MAXTRANS   255
STORAGE    (
            INITIAL          64K
            NEXT             1M
            MAXSIZE          UNLIMITED
            MINEXTENTS       1
            MAXEXTENTS       UNLIMITED
            PCTINCREASE      0
            BUFFER_POOL      DEFAULT
            FLASH_CACHE      DEFAULT
            CELL_FLASH_CACHE DEFAULT
           )
NOPARALLEL;

CREATE UNIQUE INDEX TIENDAS.T_PAGO_PK ON TIENDAS.T_PAGO
(TPA_PK_PAGO)
LOGGING
TABLESPACE MYTABLESPACE
PCTFREE    10
INITRANS   2
MAXTRANS   255
STORAGE    (
            INITIAL          64K
            NEXT             1M
            MAXSIZE          UNLIMITED
            MINEXTENTS       1
            MAXEXTENTS       UNLIMITED
            PCTINCREASE      0
            BUFFER_POOL      DEFAULT
            FLASH_CACHE      DEFAULT
            CELL_FLASH_CACHE DEFAULT
           )
NOPARALLEL;

CREATE OR REPLACE TRIGGER TIENDAS.C_CATEGORIAS_TRG
BEFORE INSERT
ON TIENDAS.C_CATEGORIAS
REFERENCING NEW AS New OLD AS Old
FOR EACH ROW
BEGIN
-- For Toad:  Highlight column CCA_PK_CATEGORIA
  :new.CCA_PK_CATEGORIA := C_CATEGORIAS_SEQ.nextval;
END C_CATEGORIAS_TRG;
/


CREATE OR REPLACE TRIGGER TIENDAS.T_CARRITO_TRG
BEFORE INSERT
ON TIENDAS.T_CARRITO
REFERENCING NEW AS New OLD AS Old
FOR EACH ROW
BEGIN
-- For Toad:  Highlight column TCA_PK_CARRITO
  :new.TCA_PK_CARRITO := T_CARRITO_SEQ.nextval;
END T_CARRITO_TRG;
/


CREATE OR REPLACE TRIGGER TIENDAS.T_CATEGORIAS_PRODUCTOS_TRG
BEFORE INSERT
ON TIENDAS.T_CATEGORIAS_PRODUCTOS
REFERENCING NEW AS New OLD AS Old
FOR EACH ROW
BEGIN
-- For Toad:  Highlight column TCP_PK_CATEGORIA_PRODUCTO
  :new.TCP_PK_CATEGORIA_PRODUCTO := T_CATEGORIAS_PRODUCTOS_SEQ.nextval;
END T_CATEGORIAS_PRODUCTOS_TRG;
/


CREATE OR REPLACE TRIGGER TIENDAS.T_ELEMENTO_CARRITO_TRG
BEFORE INSERT
ON TIENDAS.T_ELEMENTO_CARRITO
REFERENCING NEW AS New OLD AS Old
FOR EACH ROW
BEGIN
-- For Toad:  Highlight column TEC_PK_ELEMENTO_CARRITO
  :new.TEC_PK_ELEMENTO_CARRITO := T_ELEMENTO_CARRITO_SEQ.nextval;
END T_ELEMENTO_CARRITO_TRG;
/


ALTER TABLE TIENDAS.T_DETALLE_PAGO
 DROP PRIMARY KEY CASCADE;

DROP TABLE TIENDAS.T_DETALLE_PAGO CASCADE CONSTRAINTS;

CREATE TABLE TIENDAS.T_DETALLE_PAGO
(
  TDP_PK_DETALLE_PAGO  NUMBER(10),
  TDP_FK_PAGO          NUMBER(10),
  TDP_FK_PRODUCTO      NUMBER(10),
  TDP_CANTIDAD         NUMBER(10),
  TDP_PRECIO_UNITARIO  NUMBER(10,5),
  TDP_FK_ESTADO        NUMBER(10)
)
TABLESPACE MYTABLESPACE
RESULT_CACHE (MODE DEFAULT)
PCTUSED    0
PCTFREE    10
INITRANS   1
MAXTRANS   255
STORAGE    (
            INITIAL          64K
            NEXT             1M
            MAXSIZE          UNLIMITED
            MINEXTENTS       1
            MAXEXTENTS       UNLIMITED
            PCTINCREASE      0
            BUFFER_POOL      DEFAULT
            FLASH_CACHE      DEFAULT
            CELL_FLASH_CACHE DEFAULT
           )
LOGGING 
NOCOMPRESS 
NOCACHE
NOPARALLEL
MONITORING;


CREATE UNIQUE INDEX TIENDAS.T_DETALLE_PAGO_PK ON TIENDAS.T_DETALLE_PAGO
(TDP_PK_DETALLE_PAGO)
LOGGING
TABLESPACE MYTABLESPACE
PCTFREE    10
INITRANS   2
MAXTRANS   255
STORAGE    (
            INITIAL          64K
            NEXT             1M
            MAXSIZE          UNLIMITED
            MINEXTENTS       1
            MAXEXTENTS       UNLIMITED
            PCTINCREASE      0
            BUFFER_POOL      DEFAULT
            FLASH_CACHE      DEFAULT
            CELL_FLASH_CACHE DEFAULT
           )
NOPARALLEL;

ALTER TABLE TIENDAS.C_ESTADOS_REGISTROS ADD (
  CONSTRAINT C_ESTADOS_REGISTROS_PK
  PRIMARY KEY
  (CES_PK_ESTADO)
  USING INDEX TIENDAS.C_ESTADOS_REGISTROS_PK
  ENABLE VALIDATE);

ALTER TABLE TIENDAS.C_TIENDAS ADD (
  CONSTRAINT C_TIENDAS_PK
  PRIMARY KEY
  (CTI_PK_TIENDA)
  USING INDEX TIENDAS.C_TIENDAS_PK
  ENABLE VALIDATE);

ALTER TABLE TIENDAS.C_TIPOS_USUARIO ADD (
  CONSTRAINT C_TIPOS_USUARIO_PK
  PRIMARY KEY
  (CTU_PK_TIPO_USUARIO)
  USING INDEX TIENDAS.C_TIPOS_USUARIO_PK
  ENABLE VALIDATE);

ALTER TABLE TIENDAS.T_PRODUCTOS ADD (
  CONSTRAINT T_PRODUCTOS_PK
  PRIMARY KEY
  (TPR_PK_PRODUCTO)
  USING INDEX TIENDAS.T_PRODUCTOS_PK
  ENABLE VALIDATE);

ALTER TABLE TIENDAS.T_TIENDAS ADD (
  CONSTRAINT T_TIENDAS_PK
  PRIMARY KEY
  (TTI_PK_TIENDA)
  USING INDEX TIENDAS.T_TIENDAS_PK
  ENABLE VALIDATE);

ALTER TABLE TIENDAS.T_USUARIOS ADD (
  CONSTRAINT T_USUARIOS_PK
  PRIMARY KEY
  (TUS_PK_USUARIO)
  USING INDEX TIENDAS.T_USUARIOS_PK
  ENABLE VALIDATE);

ALTER TABLE TIENDAS.C_CATEGORIAS ADD (
  CONSTRAINT C_CATEGORIAS_PK
  PRIMARY KEY
  (CCA_PK_CATEGORIA)
  USING INDEX TIENDAS.C_CATEGORIAS_PK
  ENABLE VALIDATE);

ALTER TABLE TIENDAS.T_CARRITO ADD (
  CONSTRAINT T_CARRITO_PK
  PRIMARY KEY
  (TCA_PK_CARRITO)
  USING INDEX TIENDAS.T_CARRITO_PK
  ENABLE VALIDATE);

ALTER TABLE TIENDAS.T_CATEGORIAS_PRODUCTOS ADD (
  CONSTRAINT T_CATEGORIAS_PRODUCTOS_PK
  PRIMARY KEY
  (TCP_PK_CATEGORIA_PRODUCTO)
  USING INDEX TIENDAS.T_CATEGORIAS_PRODUCTOS_PK
  ENABLE VALIDATE);

ALTER TABLE TIENDAS.T_DUENOS_TIENDAS ADD (
  CONSTRAINT T_DUENOS_TIENDAS_PK
  PRIMARY KEY
  (TDT_PK_DUENO)
  USING INDEX TIENDAS.T_DUENOS_TIENDAS_PK
  ENABLE VALIDATE);

ALTER TABLE TIENDAS.T_ELEMENTO_CARRITO ADD (
  CONSTRAINT T_ELEMENTO_CARRITO_PK
  PRIMARY KEY
  (TEC_PK_ELEMENTO_CARRITO)
  USING INDEX TIENDAS.T_ELEMENTO_CARRITO_PK
  ENABLE VALIDATE);

ALTER TABLE TIENDAS.T_INVENTARIOS ADD (
  CONSTRAINT T_INVENTARIOS_PK
  PRIMARY KEY
  (TIN_PK_REGINVENTARIO)
  USING INDEX TIENDAS.T_INVENTARIOS_PK
  ENABLE VALIDATE);

ALTER TABLE TIENDAS.T_PAGO ADD (
  CONSTRAINT T_PAGO_PK
  PRIMARY KEY
  (TPA_PK_PAGO)
  USING INDEX TIENDAS.T_PAGO_PK
  ENABLE VALIDATE);

ALTER TABLE TIENDAS.T_DETALLE_PAGO ADD (
  CONSTRAINT T_DETALLE_PAGO_PK
  PRIMARY KEY
  (TDP_PK_DETALLE_PAGO)
  USING INDEX TIENDAS.T_DETALLE_PAGO_PK
  ENABLE VALIDATE);

ALTER TABLE TIENDAS.C_TIENDAS ADD (
  CONSTRAINT C_TIENDAS_R01 
  FOREIGN KEY (CTI_FK_ESTADO) 
  REFERENCES TIENDAS.C_ESTADOS_REGISTROS (CES_PK_ESTADO)
  ENABLE VALIDATE);

ALTER TABLE TIENDAS.C_TIPOS_USUARIO ADD (
  CONSTRAINT C_TIPOS_USUARIO_R01 
  FOREIGN KEY (CTU_FK_ESTADO) 
  REFERENCES TIENDAS.C_ESTADOS_REGISTROS (CES_PK_ESTADO)
  ENABLE VALIDATE);

ALTER TABLE TIENDAS.T_PRODUCTOS ADD (
  CONSTRAINT T_PRODUCTOS_R01 
  FOREIGN KEY (TPR_FK_ESTADO) 
  REFERENCES TIENDAS.C_ESTADOS_REGISTROS (CES_PK_ESTADO)
  ENABLE VALIDATE);

ALTER TABLE TIENDAS.T_TIENDAS ADD (
  CONSTRAINT T_TIENDAS_R01 
  FOREIGN KEY (TTI_FK_ESTADO) 
  REFERENCES TIENDAS.C_ESTADOS_REGISTROS (CES_PK_ESTADO)
  ENABLE VALIDATE);

ALTER TABLE TIENDAS.T_USUARIOS ADD (
  CONSTRAINT T_USUARIOS_R01 
  FOREIGN KEY (TUS_FK_ESTADO) 
  REFERENCES TIENDAS.C_ESTADOS_REGISTROS (CES_PK_ESTADO)
  ENABLE VALIDATE,
  CONSTRAINT T_USUARIOS_R02 
  FOREIGN KEY (TUS_FK_TIPO_USUARIO) 
  REFERENCES TIENDAS.C_TIPOS_USUARIO (CTU_PK_TIPO_USUARIO)
  ENABLE VALIDATE);

ALTER TABLE TIENDAS.C_CATEGORIAS ADD (
  CONSTRAINT C_CATEGORIAS_R01 
  FOREIGN KEY (CCA_FK_ESTADO) 
  REFERENCES TIENDAS.C_ESTADOS_REGISTROS (CES_PK_ESTADO)
  ENABLE VALIDATE);

ALTER TABLE TIENDAS.T_CARRITO ADD (
  CONSTRAINT T_CARRITO_R01 
  FOREIGN KEY (TCA_FK_USUARIO) 
  REFERENCES TIENDAS.T_USUARIOS (TUS_PK_USUARIO)
  ENABLE VALIDATE,
  CONSTRAINT T_CARRITO_R02 
  FOREIGN KEY (TCA_FK_ESTADO) 
  REFERENCES TIENDAS.C_ESTADOS_REGISTROS (CES_PK_ESTADO)
  ENABLE VALIDATE,
  CONSTRAINT T_CARRITO_R03 
  FOREIGN KEY (TCA_FK_TIENDA) 
  REFERENCES TIENDAS.C_TIENDAS (CTI_PK_TIENDA)
  ENABLE VALIDATE);

ALTER TABLE TIENDAS.T_CATEGORIAS_PRODUCTOS ADD (
  CONSTRAINT T_CATEGORIAS_PRODUCTOS_R01 
  FOREIGN KEY (TCP_FK_CATEGORIA) 
  REFERENCES TIENDAS.C_CATEGORIAS (CCA_PK_CATEGORIA)
  ENABLE VALIDATE,
  CONSTRAINT T_CATEGORIAS_PRODUCTOS_R02 
  FOREIGN KEY (TCP_FK_PRODUCTO) 
  REFERENCES TIENDAS.T_PRODUCTOS (TPR_PK_PRODUCTO)
  ENABLE VALIDATE,
  CONSTRAINT T_CATEGORIAS_PRODUCTOS_R03 
  FOREIGN KEY (TCP_FK_ESTADO) 
  REFERENCES TIENDAS.C_ESTADOS_REGISTROS (CES_PK_ESTADO)
  ENABLE VALIDATE);

ALTER TABLE TIENDAS.T_DUENOS_TIENDAS ADD (
  CONSTRAINT T_DUENOS_TIENDAS_R01 
  FOREIGN KEY (TDT_FK_USUARIO) 
  REFERENCES TIENDAS.T_USUARIOS (TUS_PK_USUARIO)
  ENABLE VALIDATE,
  CONSTRAINT T_DUENOS_TIENDAS_R02 
  FOREIGN KEY (TDT_FK_TIENDA) 
  REFERENCES TIENDAS.T_TIENDAS (TTI_PK_TIENDA)
  ENABLE VALIDATE,
  CONSTRAINT T_DUENOS_TIENDAS_R03 
  FOREIGN KEY (TDT_FK_ESTADO) 
  REFERENCES TIENDAS.C_ESTADOS_REGISTROS (CES_PK_ESTADO)
  ENABLE VALIDATE);

ALTER TABLE TIENDAS.T_ELEMENTO_CARRITO ADD (
  CONSTRAINT T_ELEMENTO_CARRITO_R01 
  FOREIGN KEY (TEC_FK_CARRITO) 
  REFERENCES TIENDAS.T_CARRITO (TCA_PK_CARRITO)
  ENABLE VALIDATE,
  CONSTRAINT T_ELEMENTO_CARRITO_R02 
  FOREIGN KEY (TEC_FK_PRODUCTO) 
  REFERENCES TIENDAS.T_PRODUCTOS (TPR_PK_PRODUCTO)
  ENABLE VALIDATE,
  CONSTRAINT T_ELEMENTO_CARRITO_R03 
  FOREIGN KEY (TEC_FK_ESTADO) 
  REFERENCES TIENDAS.C_ESTADOS_REGISTROS (CES_PK_ESTADO)
  ENABLE VALIDATE);

ALTER TABLE TIENDAS.T_INVENTARIOS ADD (
  CONSTRAINT T_INVENTARIOS_R01 
  FOREIGN KEY (TIN_FK_TIENDA) 
  REFERENCES TIENDAS.T_TIENDAS (TTI_PK_TIENDA)
  ENABLE VALIDATE,
  CONSTRAINT T_INVENTARIOS_R02 
  FOREIGN KEY (TIN_FK_PRODUCTO) 
  REFERENCES TIENDAS.T_PRODUCTOS (TPR_PK_PRODUCTO)
  ENABLE VALIDATE,
  CONSTRAINT T_INVENTARIOS_R03 
  FOREIGN KEY (FK_ESTADO) 
  REFERENCES TIENDAS.C_ESTADOS_REGISTROS (CES_PK_ESTADO)
  ENABLE VALIDATE);

ALTER TABLE TIENDAS.T_PAGO ADD (
  CONSTRAINT T_PAGO_R01 
  FOREIGN KEY (TPA_FK_USUARIO) 
  REFERENCES TIENDAS.T_USUARIOS (TUS_PK_USUARIO)
  ENABLE VALIDATE,
  CONSTRAINT T_PAGO_R02 
  FOREIGN KEY (TPA_FK_CARRITO) 
  REFERENCES TIENDAS.T_CARRITO (TCA_PK_CARRITO)
  ENABLE VALIDATE);

ALTER TABLE TIENDAS.T_DETALLE_PAGO ADD (
  CONSTRAINT T_DETALLE_PAGO_R01 
  FOREIGN KEY (TDP_FK_PAGO) 
  REFERENCES TIENDAS.T_PAGO (TPA_PK_PAGO)
  ENABLE VALIDATE,
  CONSTRAINT T_DETALLE_PAGO_R02 
  FOREIGN KEY (TDP_FK_PRODUCTO) 
  REFERENCES TIENDAS.T_PRODUCTOS (TPR_PK_PRODUCTO)
  ENABLE VALIDATE,
  CONSTRAINT T_DETALLE_PAGO_R03 
  FOREIGN KEY (TDP_FK_ESTADO) 
  REFERENCES TIENDAS.C_ESTADOS_REGISTROS (CES_PK_ESTADO)
  ENABLE VALIDATE);

Insert into TIENDAS.C_CATEGORIAS
   (CCA_PK_CATEGORIA, CCA_NOMBRE, CCA_DESCRIPCION, CCA_FK_ESTADO)
 Values
   (9, 'General', 'General', 2);
Insert into TIENDAS.C_CATEGORIAS
   (CCA_PK_CATEGORIA, CCA_NOMBRE, CCA_DESCRIPCION, CCA_FK_ESTADO)
 Values
   (8, 'Oficina', 'Oficina', 2);
Insert into TIENDAS.C_CATEGORIAS
   (CCA_PK_CATEGORIA, CCA_NOMBRE, CCA_DESCRIPCION, CCA_FK_ESTADO)
 Values
   (0, 'SILLAS', 'SILLAS', 0);
Insert into TIENDAS.C_CATEGORIAS
   (CCA_PK_CATEGORIA, CCA_NOMBRE, CCA_DESCRIPCION, CCA_FK_ESTADO)
 Values
   (1, 'SILLAS', 'SILLAS', 0);
Insert into TIENDAS.C_CATEGORIAS
   (CCA_PK_CATEGORIA, CCA_NOMBRE, CCA_DESCRIPCION, CCA_FK_ESTADO)
 Values
   (2, 'SILLAS', 'SILLAS', 0);
Insert into TIENDAS.C_CATEGORIAS
   (CCA_PK_CATEGORIA, CCA_NOMBRE, CCA_DESCRIPCION, CCA_FK_ESTADO)
 Values
   (3, 'Sillas', 'Sillas', 0);
Insert into TIENDAS.C_CATEGORIAS
   (CCA_PK_CATEGORIA, CCA_NOMBRE, CCA_DESCRIPCION, CCA_FK_ESTADO)
 Values
   (4, 'SILLA', 'SILLA DESC', 3);
Insert into TIENDAS.C_CATEGORIAS
   (CCA_PK_CATEGORIA, CCA_NOMBRE, CCA_DESCRIPCION, CCA_FK_ESTADO)
 Values
   (5, 'A', 'A', 0);
Insert into TIENDAS.C_CATEGORIAS
   (CCA_PK_CATEGORIA, CCA_NOMBRE, CCA_DESCRIPCION, CCA_FK_ESTADO)
 Values
   (6, 'SILLAS', 'SILLAS', 2);
Insert into TIENDAS.C_CATEGORIAS
   (CCA_PK_CATEGORIA, CCA_NOMBRE, CCA_DESCRIPCION, CCA_FK_ESTADO)
 Values
   (7, 'MESAS', 'MESAS', 2);
COMMIT;


Insert into TIENDAS.C_ESTADOS_REGISTROS
   (CES_PK_ESTADO, CES_NOMBRE, CES_DESCRIPCION)
 Values
   (0, 'ELIMINADO', 'ELIMINADO');
Insert into TIENDAS.C_ESTADOS_REGISTROS
   (CES_PK_ESTADO, CES_NOMBRE, CES_DESCRIPCION)
 Values
   (1, 'CAPTURA', 'CAPTURA');
Insert into TIENDAS.C_ESTADOS_REGISTROS
   (CES_PK_ESTADO, CES_NOMBRE, CES_DESCRIPCION)
 Values
   (2, 'VIGENTE', 'VIGENTE');
Insert into TIENDAS.C_ESTADOS_REGISTROS
   (CES_PK_ESTADO, CES_NOMBRE, CES_DESCRIPCION)
 Values
   (3, 'OBSOLETO', 'OBSOLETO');
COMMIT;


Insert into TIENDAS.C_TIENDAS
   (CTI_PK_TIENDA, CTI_NOMBRE, CTI_DESCRIPCION, CTI_FK_ESTADO, CTI_FECHA_AUDIT)
 Values
   (1, 'Amado Furniture', 'Amado Furniture', 2, TO_DATE('01/05/2019 18:58:49', 'MM/DD/YYYY HH24:MI:SS'));
COMMIT;


Insert into TIENDAS.C_TIPOS_USUARIO
   (CTU_PK_TIPO_USUARIO, CTU_NOMBRE, CTU_DESCRIPCION, CTU_FK_ESTADO)
 Values
   (1, 'CLIENTE', 'CLIENTE', 2);
Insert into TIENDAS.C_TIPOS_USUARIO
   (CTU_PK_TIPO_USUARIO, CTU_NOMBRE, CTU_DESCRIPCION, CTU_FK_ESTADO)
 Values
   (2, 'Administrador', 'Administrador', 2);
COMMIT;


Insert into TIENDAS.T_CARRITO
   (TCA_PK_CARRITO, TCA_FK_USUARIO, TCA_FK_ESTADO_CARRITO, TCA_FK_ESTADO, TCA_IMPORTE_PAGADO, 
    TCA_TARJETA_PAGO, TCA_FECHA_AUTORIZACION, TCA_NUM_REFERENCIA, TCA_BANCO, TCA_REQUIERE_FACTURA, 
    TCA_FK_TIENDA)
 Values
   (4, 1, 1, 1, NULL, 
    NULL, NULL, NULL, NULL, NULL, 
    1);
COMMIT;


Insert into TIENDAS.T_CATEGORIAS_PRODUCTOS
   (TCP_PK_CATEGORIA_PRODUCTO, TCP_FK_CATEGORIA, TCP_FK_PRODUCTO, TCP_FK_ESTADO)
 Values
   (1, 7, 12, 2);
Insert into TIENDAS.T_CATEGORIAS_PRODUCTOS
   (TCP_PK_CATEGORIA_PRODUCTO, TCP_FK_CATEGORIA, TCP_FK_PRODUCTO, TCP_FK_ESTADO)
 Values
   (2, 6, 10, 2);
Insert into TIENDAS.T_CATEGORIAS_PRODUCTOS
   (TCP_PK_CATEGORIA_PRODUCTO, TCP_FK_CATEGORIA, TCP_FK_PRODUCTO, TCP_FK_ESTADO)
 Values
   (6, 9, 17, 2);
Insert into TIENDAS.T_CATEGORIAS_PRODUCTOS
   (TCP_PK_CATEGORIA_PRODUCTO, TCP_FK_CATEGORIA, TCP_FK_PRODUCTO, TCP_FK_ESTADO)
 Values
   (7, 9, 18, 2);
Insert into TIENDAS.T_CATEGORIAS_PRODUCTOS
   (TCP_PK_CATEGORIA_PRODUCTO, TCP_FK_CATEGORIA, TCP_FK_PRODUCTO, TCP_FK_ESTADO)
 Values
   (3, 7, 13, 2);
Insert into TIENDAS.T_CATEGORIAS_PRODUCTOS
   (TCP_PK_CATEGORIA_PRODUCTO, TCP_FK_CATEGORIA, TCP_FK_PRODUCTO, TCP_FK_ESTADO)
 Values
   (4, 9, 15, 2);
Insert into TIENDAS.T_CATEGORIAS_PRODUCTOS
   (TCP_PK_CATEGORIA_PRODUCTO, TCP_FK_CATEGORIA, TCP_FK_PRODUCTO, TCP_FK_ESTADO)
 Values
   (5, 9, 16, 2);
COMMIT;






Insert into TIENDAS.T_ELEMENTO_CARRITO
   (TEC_PK_ELEMENTO_CARRITO, TEC_FK_CARRITO, TEC_FK_PRODUCTO, TEC_CANTIDAD, TEC_FK_ESTADO)
 Values
   (22, 4, 17, 1, 1);
Insert into TIENDAS.T_ELEMENTO_CARRITO
   (TEC_PK_ELEMENTO_CARRITO, TEC_FK_CARRITO, TEC_FK_PRODUCTO, TEC_CANTIDAD, TEC_FK_ESTADO)
 Values
   (21, 4, 18, 1, 1);
Insert into TIENDAS.T_ELEMENTO_CARRITO
   (TEC_PK_ELEMENTO_CARRITO, TEC_FK_CARRITO, TEC_FK_PRODUCTO, TEC_CANTIDAD, TEC_FK_ESTADO)
 Values
   (23, 4, 18, 1, 1);
Insert into TIENDAS.T_ELEMENTO_CARRITO
   (TEC_PK_ELEMENTO_CARRITO, TEC_FK_CARRITO, TEC_FK_PRODUCTO, TEC_CANTIDAD, TEC_FK_ESTADO)
 Values
   (24, 4, 17, 1, 1);
Insert into TIENDAS.T_ELEMENTO_CARRITO
   (TEC_PK_ELEMENTO_CARRITO, TEC_FK_CARRITO, TEC_FK_PRODUCTO, TEC_CANTIDAD, TEC_FK_ESTADO)
 Values
   (25, 4, 18, 1, 1);
Insert into TIENDAS.T_ELEMENTO_CARRITO
   (TEC_PK_ELEMENTO_CARRITO, TEC_FK_CARRITO, TEC_FK_PRODUCTO, TEC_CANTIDAD, TEC_FK_ESTADO)
 Values
   (26, 4, 16, 1, 1);
Insert into TIENDAS.T_ELEMENTO_CARRITO
   (TEC_PK_ELEMENTO_CARRITO, TEC_FK_CARRITO, TEC_FK_PRODUCTO, TEC_CANTIDAD, TEC_FK_ESTADO)
 Values
   (27, 4, 18, 1, 1);
COMMIT;






Insert into TIENDAS.T_PRODUCTOS
   (TPR_PK_PRODUCTO, TPR_NOMBRE, TPR_DESCRIPCION, TPR_PRECIO, TPR_IMAGEN, 
    TPR_FK_ESTADO, TPR_FECHA_REGISTRO)
 Values
   (18, 'Mesa', 'Mesa', 123, 'd:/Productos/43C76776-0C7F-0BF5-A67F1F656E053840-mesa.jpg', 
    2, TO_DATE('01/05/2019 17:37:17', 'MM/DD/YYYY HH24:MI:SS'));
Insert into TIENDAS.T_PRODUCTOS
   (TPR_PK_PRODUCTO, TPR_NOMBRE, TPR_DESCRIPCION, TPR_PRECIO, TPR_IMAGEN, 
    TPR_FK_ESTADO, TPR_FECHA_REGISTRO)
 Values
   (17, 'Silla', 'Silla', 10000, 'd:/Productos/43AE1452-EEDA-0DE3-0DF59A3356EE8B9B-silla1.jpg', 
    2, TO_DATE('01/05/2019 17:34:33', 'MM/DD/YYYY HH24:MI:SS'));
Insert into TIENDAS.T_PRODUCTOS
   (TPR_PK_PRODUCTO, TPR_NOMBRE, TPR_DESCRIPCION, TPR_PRECIO, TPR_IMAGEN, 
    TPR_FK_ESTADO, TPR_FECHA_REGISTRO)
 Values
   (10, 'Silla', 'Silla', 200, 'C:\ColdFusion11\TiendaOnline\wwwroot\Productos/3C6DF72B-9557-C9C7-A27315BD171155A5-silla1.jpg', 
    0, TO_DATE('01/05/2019 14:10:47', 'MM/DD/YYYY HH24:MI:SS'));
Insert into TIENDAS.T_PRODUCTOS
   (TPR_PK_PRODUCTO, TPR_NOMBRE, TPR_DESCRIPCION, TPR_PRECIO, TPR_IMAGEN, 
    TPR_FK_ESTADO, TPR_FECHA_REGISTRO)
 Values
   (11, 'Mesa', 'Mesa', 30, 'C:\ColdFusion11\TiendaOnline\wwwroot\Productos/3C706064-0DFC-88C3-CA128C97F5D45F94-mesa.jpg', 
    0, TO_DATE('01/05/2019 14:11:02', 'MM/DD/YYYY HH24:MI:SS'));
Insert into TIENDAS.T_PRODUCTOS
   (TPR_PK_PRODUCTO, TPR_NOMBRE, TPR_DESCRIPCION, TPR_PRECIO, TPR_IMAGEN, 
    TPR_FK_ESTADO, TPR_FECHA_REGISTRO)
 Values
   (12, 'Silla', 'Silla', 1, 'D:/Productos/2CD21756-F88F-AE5F-4870343287046471-silla2.jpg', 
    2, TO_DATE('01/05/2019 14:22:41', 'MM/DD/YYYY HH24:MI:SS'));
Insert into TIENDAS.T_PRODUCTOS
   (TPR_PK_PRODUCTO, TPR_NOMBRE, TPR_DESCRIPCION, TPR_PRECIO, TPR_IMAGEN, 
    TPR_FK_ESTADO, TPR_FECHA_REGISTRO)
 Values
   (13, 'Mesa', 'Mesa', 5000, 'd:/Productos/3D630D63-0C53-8410-205F80339E6E17EA-mesa.jpg', 
    2, TO_DATE('01/05/2019 14:37:33', 'MM/DD/YYYY HH24:MI:SS'));
Insert into TIENDAS.T_PRODUCTOS
   (TPR_PK_PRODUCTO, TPR_NOMBRE, TPR_DESCRIPCION, TPR_PRECIO, TPR_IMAGEN, 
    TPR_FK_ESTADO, TPR_FECHA_REGISTRO)
 Values
   (14, 'Silla2', 'Silla2', 800, 'd:/Productos/3DCE3EA1-CD8B-8A29-7198F86043F53E73-silla2.jpg', 
    2, TO_DATE('01/05/2019 14:49:15', 'MM/DD/YYYY HH24:MI:SS'));
Insert into TIENDAS.T_PRODUCTOS
   (TPR_PK_PRODUCTO, TPR_NOMBRE, TPR_DESCRIPCION, TPR_PRECIO, TPR_IMAGEN, 
    TPR_FK_ESTADO, TPR_FECHA_REGISTRO)
 Values
   (15, 'Silla2', 'Silla2', 800, 'd:/Productos/3DD7B528-A851-439A-46405C879280EAE4-silla2.jpg', 
    2, TO_DATE('01/05/2019 14:50:17', 'MM/DD/YYYY HH24:MI:SS'));
Insert into TIENDAS.T_PRODUCTOS
   (TPR_PK_PRODUCTO, TPR_NOMBRE, TPR_DESCRIPCION, TPR_PRECIO, TPR_IMAGEN, 
    TPR_FK_ESTADO, TPR_FECHA_REGISTRO)
 Values
   (16, 'Mesa2', 'Mesa2', 500, 'd:/Productos/3DDE7C36-B2F8-9734-480DD4D654317494-mesa.jpg', 
    2, TO_DATE('01/05/2019 14:51:02', 'MM/DD/YYYY HH24:MI:SS'));
Insert into TIENDAS.T_PRODUCTOS
   (TPR_PK_PRODUCTO, TPR_NOMBRE, TPR_DESCRIPCION, TPR_PRECIO, TPR_IMAGEN, 
    TPR_FK_ESTADO, TPR_FECHA_REGISTRO)
 Values
   (4, 'Silla1', 'Silla', 10, '/Productos/2C3E647E-0B27-067F-ED51B7CC2B677875-silla1.jpg', 
    0, TO_DATE('01/05/2019 06:32:11', 'MM/DD/YYYY HH24:MI:SS'));
Insert into TIENDAS.T_PRODUCTOS
   (TPR_PK_PRODUCTO, TPR_NOMBRE, TPR_DESCRIPCION, TPR_PRECIO, TPR_IMAGEN, 
    TPR_FK_ESTADO, TPR_FECHA_REGISTRO)
 Values
   (5, 'Silla Blanca', 'Silla Blanca', 1, '/Productos/2C423DF0-D2D9-D8DE-FBA09BFF7B619228-silla2.jpg', 
    0, TO_DATE('01/05/2019 06:39:37', 'MM/DD/YYYY HH24:MI:SS'));
Insert into TIENDAS.T_PRODUCTOS
   (TPR_PK_PRODUCTO, TPR_NOMBRE, TPR_DESCRIPCION, TPR_PRECIO, TPR_IMAGEN, 
    TPR_FK_ESTADO, TPR_FECHA_REGISTRO)
 Values
   (6, 'Silla1', 'Silla1', 12, '/Productos/2C8CB673-03E2-A375-A73065F03B7F02BA-silla1.jpg', 
    0, TO_DATE('01/05/2019 06:47:45', 'MM/DD/YYYY HH24:MI:SS'));
Insert into TIENDAS.T_PRODUCTOS
   (TPR_PK_PRODUCTO, TPR_NOMBRE, TPR_DESCRIPCION, TPR_PRECIO, TPR_IMAGEN, 
    TPR_FK_ESTADO, TPR_FECHA_REGISTRO)
 Values
   (7, 'Silla2', 'Silla2', 1, '/Productos/2CD21756-F88F-AE5F-4870343287046471-silla2.jpg', 
    0, TO_DATE('01/05/2019 06:55:19', 'MM/DD/YYYY HH24:MI:SS'));
Insert into TIENDAS.T_PRODUCTOS
   (TPR_PK_PRODUCTO, TPR_NOMBRE, TPR_DESCRIPCION, TPR_PRECIO, TPR_IMAGEN, 
    TPR_FK_ESTADO, TPR_FECHA_REGISTRO)
 Values
   (8, 'Mesa', 'Mesa', 122, '/Productos/2CFD3EE6-F84B-12CB-7B57454EECA13A05-mesa.jpg', 
    0, TO_DATE('01/05/2019 07:00:02', 'MM/DD/YYYY HH24:MI:SS'));
COMMIT;




Insert into TIENDAS.T_USUARIOS
   (TUS_PK_USUARIO, TUS_NOMBRE, TUS_APELLIDOS, TUS_USERNAME, TUS_PASSWORD, 
    TUS_EMAIL, TUS_FK_ESTADO, TUS_FK_TIPO_USUARIO)
 Values
   (1, 'Heriberto', 'Cruz', 'heri1601', '123', 
    'heri1601@gmail.com', 2, 1);
COMMIT;
